<?xml version="1.0" encoding="UTF-8"?>
<robot rpa="false" generated="20200113 17:37:11.894" generator="Robot 3.1.2 (Python 2.7.16 on win32)">
<suite source="C:\Users\jaiprash\workspace\Assignment_Project" id="s1" name="Assignment Project">
<suite source="C:\Users\jaiprash\workspace\Assignment_Project\Test Cases" id="s1-s1" name="Test Cases">
<suite source="C:\Users\jaiprash\workspace\Assignment_Project\Test Cases\Test Case1.robot" id="s1-s1-s1" name="Test Case1">
<test id="s1-s1-s1-t1" name="Add 2 top priced Books in Cart">
<kw type="setup" name="Start Browser and Maximize" library="Keywords">
<kw name="Open Browser" library="Selenium2Library">
<doc>Opens a new browser instance to the optional ``url``.</doc>
<arguments>
<arg>${URL}</arg>
<arg>${BROWSER}</arg>
</arguments>
<msg timestamp="20200113 17:37:12.642" level="INFO">Opening browser 'Chrome' to base url 'http://demowebshop.tricentis.com/'.</msg>
<status status="PASS" endtime="20200113 17:37:59.677" starttime="20200113 17:37:12.642"></status>
</kw>
<kw name="Maximize Browser Window" library="Selenium2Library">
<doc>Maximizes current browser window.</doc>
<status status="PASS" endtime="20200113 17:37:59.893" starttime="20200113 17:37:59.678"></status>
</kw>
<status status="PASS" endtime="20200113 17:37:59.894" starttime="20200113 17:37:12.641"></status>
</kw>
<kw name="Login into Demo Webshop" library="Keywords">
<kw name="Click Element" library="Selenium2Library">
<doc>Click the element identified by ``locator``.</doc>
<arguments>
<arg>${HOME_LOGIN}</arg>
</arguments>
<msg timestamp="20200113 17:37:59.896" level="INFO">Clicking element '//a[@class='ico-login']'.</msg>
<status status="PASS" endtime="20200113 17:38:00.637" starttime="20200113 17:37:59.896"></status>
</kw>
<kw name="Input Text" library="Selenium2Library">
<doc>Types the given ``text`` into the text field identified by ``locator``.</doc>
<arguments>
<arg>${USERNAME_TEXTBOX}</arg>
<arg>${USERNAME}</arg>
</arguments>
<msg timestamp="20200113 17:38:00.639" level="INFO">Typing text 'robotautomation@test.test' into text field 'name:Email'.</msg>
<status status="PASS" endtime="20200113 17:38:00.954" starttime="20200113 17:38:00.638"></status>
</kw>
<kw name="Input Text" library="Selenium2Library">
<doc>Types the given ``text`` into the text field identified by ``locator``.</doc>
<arguments>
<arg>${PASSWORD_TEXTBOX}</arg>
<arg>${PASSWORD}</arg>
</arguments>
<msg timestamp="20200113 17:38:00.955" level="INFO">Typing text 'test1234!@' into text field '//input[@name='Password']'.</msg>
<status status="PASS" endtime="20200113 17:38:01.390" starttime="20200113 17:38:00.954"></status>
</kw>
<kw name="Click Button" library="Selenium2Library">
<doc>Clicks the button identified by ``locator``.</doc>
<arguments>
<arg>${LOGIN}</arg>
</arguments>
<msg timestamp="20200113 17:38:01.392" level="INFO">Clicking button '//input[@value='Log in']'.</msg>
<status status="PASS" endtime="20200113 17:38:02.995" starttime="20200113 17:38:01.391"></status>
</kw>
<kw name="Wait Until Page Contains" library="Selenium2Library">
<doc>Waits until ``text`` appears on the current page.</doc>
<arguments>
<arg>${LOGOUT_TEXT}</arg>
</arguments>
<status status="PASS" endtime="20200113 17:38:03.170" starttime="20200113 17:38:02.996"></status>
</kw>
<status status="PASS" endtime="20200113 17:38:03.172" starttime="20200113 17:37:59.894"></status>
</kw>
<kw name="Select Books Category" library="Keywords">
<kw name="Click Element" library="Selenium2Library">
<doc>Click the element identified by ``locator``.</doc>
<arguments>
<arg>${BOOKS}</arg>
</arguments>
<msg timestamp="20200113 17:38:03.174" level="INFO">Clicking element '//a[@href='/books']'.</msg>
<status status="PASS" endtime="20200113 17:38:04.236" starttime="20200113 17:38:03.173"></status>
</kw>
<status status="PASS" endtime="20200113 17:38:04.237" starttime="20200113 17:38:03.172"></status>
</kw>
<kw name="Sort the Category" library="Keywords">
<kw name="Select From List By Label" library="Selenium2Library">
<doc>Selects options from selection list ``locator`` by ``labels``.</doc>
<arguments>
<arg>${CATEGORY_DROPDOWN}</arg>
<arg>${CATEGORY_DROPDOWN_VALUE}</arg>
</arguments>
<msg timestamp="20200113 17:38:04.238" level="INFO">Selecting options from selection list 'name:products-orderby' by label Price: High to Low.</msg>
<status status="PASS" endtime="20200113 17:38:05.270" starttime="20200113 17:38:04.238"></status>
</kw>
<status status="PASS" endtime="20200113 17:38:05.271" starttime="20200113 17:38:04.237"></status>
</kw>
<kw name="Capture Page Screenshot" library="Selenium2Library">
<doc>Takes a screenshot of the current page and embeds it into a log file.</doc>
<arguments>
<arg>Product-Sort.png</arg>
</arguments>
<msg timestamp="20200113 17:38:05.579" html="yes" level="INFO">&lt;/td&gt;&lt;/tr&gt;&lt;tr&gt;&lt;td colspan="3"&gt;&lt;a href="Product-Sort.png"&gt;&lt;img src="Product-Sort.png" width="800px"&gt;&lt;/a&gt;</msg>
<status status="PASS" endtime="20200113 17:38:05.579" starttime="20200113 17:38:05.272"></status>
</kw>
<kw name="Add product1 to cart" library="Keywords">
<kw name="Click Element" library="Selenium2Library">
<doc>Click the element identified by ``locator``.</doc>
<arguments>
<arg>${PRODUCT1}</arg>
</arguments>
<msg timestamp="20200113 17:38:05.581" level="INFO">Clicking element '(//input[@value='Add to cart'])[1]'.</msg>
<status status="PASS" endtime="20200113 17:38:05.720" starttime="20200113 17:38:05.581"></status>
</kw>
<status status="PASS" endtime="20200113 17:38:05.721" starttime="20200113 17:38:05.580"></status>
</kw>
<kw name="Close Notification" library="Keywords">
<kw name="Wait Until Element Is Visible" library="Selenium2Library">
<doc>Waits until the element ``locator`` is visible.</doc>
<arguments>
<arg>${CLOSE_NOTIFICATION}</arg>
</arguments>
<status status="PASS" endtime="20200113 17:38:06.041" starttime="20200113 17:38:05.723"></status>
</kw>
<kw name="Click Element" library="Selenium2Library">
<doc>Click the element identified by ``locator``.</doc>
<arguments>
<arg>${CLOSE_NOTIFICATION}</arg>
</arguments>
<msg timestamp="20200113 17:38:06.044" level="INFO">Clicking element '//span[@title='Close']'.</msg>
<status status="PASS" endtime="20200113 17:38:06.150" starttime="20200113 17:38:06.043"></status>
</kw>
<status status="PASS" endtime="20200113 17:38:06.150" starttime="20200113 17:38:05.722"></status>
</kw>
<kw name="Add product2 to cart" library="Keywords">
<kw name="Click Element" library="Selenium2Library">
<doc>Click the element identified by ``locator``.</doc>
<arguments>
<arg>${PRODUCT2}</arg>
</arguments>
<msg timestamp="20200113 17:38:06.152" level="INFO">Clicking element '(//input[@value='Add to cart'])[2]'.</msg>
<status status="PASS" endtime="20200113 17:38:06.337" starttime="20200113 17:38:06.151"></status>
</kw>
<status status="PASS" endtime="20200113 17:38:06.338" starttime="20200113 17:38:06.151"></status>
</kw>
<kw name="Close Notification" library="Keywords">
<kw name="Wait Until Element Is Visible" library="Selenium2Library">
<doc>Waits until the element ``locator`` is visible.</doc>
<arguments>
<arg>${CLOSE_NOTIFICATION}</arg>
</arguments>
<status status="PASS" endtime="20200113 17:38:06.438" starttime="20200113 17:38:06.339"></status>
</kw>
<kw name="Click Element" library="Selenium2Library">
<doc>Click the element identified by ``locator``.</doc>
<arguments>
<arg>${CLOSE_NOTIFICATION}</arg>
</arguments>
<msg timestamp="20200113 17:38:06.440" level="INFO">Clicking element '//span[@title='Close']'.</msg>
<status status="PASS" endtime="20200113 17:38:06.526" starttime="20200113 17:38:06.439"></status>
</kw>
<status status="PASS" endtime="20200113 17:38:06.527" starttime="20200113 17:38:06.338"></status>
</kw>
<kw name="Navigate to cart" library="Keywords">
<kw name="Mouse Over" library="Selenium2Library">
<doc>Simulates hovering the mouse over the element ``locator``.</doc>
<arguments>
<arg>${SHOPPING_CART}</arg>
</arguments>
<msg timestamp="20200113 17:38:06.529" level="INFO">Simulating Mouse Over on element '(//span[@class='cart-label'])[1]'.</msg>
<status status="PASS" endtime="20200113 17:38:07.130" starttime="20200113 17:38:06.528"></status>
</kw>
<kw name="Click Element" library="Selenium2Library">
<doc>Click the element identified by ``locator``.</doc>
<arguments>
<arg>${SHOPPING_CART}</arg>
</arguments>
<msg timestamp="20200113 17:38:07.131" level="INFO">Clicking element '(//span[@class='cart-label'])[1]'.</msg>
<status status="PASS" endtime="20200113 17:38:07.974" starttime="20200113 17:38:07.130"></status>
</kw>
<status status="PASS" endtime="20200113 17:38:07.974" starttime="20200113 17:38:06.527"></status>
</kw>
<kw name="Capture Page Screenshot" library="Selenium2Library">
<doc>Takes a screenshot of the current page and embeds it into a log file.</doc>
<arguments>
<arg>Cart-value.png</arg>
</arguments>
<msg timestamp="20200113 17:38:08.261" html="yes" level="INFO">&lt;/td&gt;&lt;/tr&gt;&lt;tr&gt;&lt;td colspan="3"&gt;&lt;a href="Cart-value.png"&gt;&lt;img src="Cart-value.png" width="800px"&gt;&lt;/a&gt;</msg>
<status status="PASS" endtime="20200113 17:38:08.261" starttime="20200113 17:38:07.975"></status>
</kw>
<kw type="teardown" name="Logout and Close the Browser" library="Keywords">
<kw name="Page Should Contain" library="Selenium2Library">
<doc>Verifies that current page contains ``text``.</doc>
<arguments>
<arg>${LOGOUT_TEXT}</arg>
</arguments>
<msg timestamp="20200113 17:38:08.297" level="INFO">Current page contains text 'Log out'.</msg>
<status status="PASS" endtime="20200113 17:38:08.298" starttime="20200113 17:38:08.263"></status>
</kw>
<kw name="Click Element" library="Selenium2Library">
<doc>Click the element identified by ``locator``.</doc>
<arguments>
<arg>${LOGOUT_BUTTON}</arg>
</arguments>
<msg timestamp="20200113 17:38:08.299" level="INFO">Clicking element '//a[@class='ico-logout']'.</msg>
<status status="PASS" endtime="20200113 17:38:09.519" starttime="20200113 17:38:08.299"></status>
</kw>
<kw name="Close Browser" library="Selenium2Library">
<doc>Closes the current browser.</doc>
<status status="PASS" endtime="20200113 17:38:12.806" starttime="20200113 17:38:09.520"></status>
</kw>
<status status="PASS" endtime="20200113 17:38:12.806" starttime="20200113 17:38:08.262"></status>
</kw>
<status status="PASS" endtime="20200113 17:38:12.807" critical="yes" starttime="20200113 17:37:12.639"></status>
</test>
<status status="PASS" endtime="20200113 17:38:12.808" starttime="20200113 17:37:12.016"></status>
</suite>
<status status="PASS" endtime="20200113 17:38:12.811" starttime="20200113 17:37:12.012"></status>
</suite>
<status status="PASS" endtime="20200113 17:38:12.813" starttime="20200113 17:37:11.965"></status>
</suite>
<statistics>
<total>
<stat fail="0" pass="1">Critical Tests</stat>
<stat fail="0" pass="1">All Tests</stat>
</total>
<tag>
</tag>
<suite>
<stat fail="0" id="s1" name="Assignment Project" pass="1">Assignment Project</stat>
<stat fail="0" id="s1-s1" name="Test Cases" pass="1">Assignment Project.Test Cases</stat>
<stat fail="0" id="s1-s1-s1" name="Test Case1" pass="1">Assignment Project.Test Cases.Test Case1</stat>
</suite>
</statistics>
<errors>
</errors>
</robot>
